{ "vhm_events_version" : 1,
"St. Johannisstift Ev. Krankenhaus" :{ "type" : "HOSPITAL", "event_range" : 30, "location" : { "x" : 10173.82, "y" : 10612.26} },
"St. Vincenz-Krankenhaus" :{ "type" : "HOSPITAL", "event_range" : 80, "location" : { "x" : 10928.49, "y" : 11053.11} },
"Bruederkrankenhaus Sankt Josef" :{ "type" : "HOSPITAL", "event_range" : 30, "location" : { "x" : 11035.67, "y" : 11862.38} },
"Frauen- und Kinderklinik St. Louise" :{ "type" : "HOSPITAL", "event_range" : 35, "location" : { "x" : 11236.37, "y" : 12208.07} },
"event1" :{ "type" : "DISASTER", "event_range" : 1241.68103614128, "safe_range" : 2483.36207228255, "max_range" : 3725.04310842383, "intensity" : 5, "start" : 9870, "end" : 67770, "location" : { "x" : 21640, "y" : 10570} },
"event2" :{ "type" : "DISASTER", "event_range" : 740.564941831496, "safe_range" : 1481.12988366299, "max_range" : 2221.69482549449, "intensity" : 6, "start" : 191700, "end" : 224950, "location" : { "x" : 8719, "y" : 14407} },
"event3" :{ "type" : "DISASTER", "event_range" : 434.832153798708, "safe_range" : 869.664307597415, "max_range" : 1304.49646139612, "intensity" : 5, "start" : 151220, "end" : 177570, "location" : { "x" : 20711, "y" : 12802} },
"event4" :{ "type" : "DISASTER", "event_range" : 756.056222885384, "safe_range" : 1512.11244577077, "max_range" : 2268.16866865615, "intensity" : 10, "start" : 21840, "end" : 56920, "location" : { "x" : 15501, "y" : 18355} },
"event5" :{ "type" : "DISASTER", "event_range" : 192.652999525504, "safe_range" : 385.305999051008, "max_range" : 577.958998576512, "intensity" : 7, "start" : 71140, "end" : 127760, "location" : { "x" : 9861, "y" : 3105} },
"event6" :{ "type" : "DISASTER", "event_range" : 122.438641973876, "safe_range" : 244.877283947751, "max_range" : 367.315925921627, "intensity" : 2, "start" : 132020, "end" : 168460, "location" : { "x" : 20510, "y" : 19937} },
"event7" :{ "type" : "DISASTER", "event_range" : 898.636986932719, "safe_range" : 1797.27397386544, "max_range" : 2695.91096079816, "intensity" : 10, "start" : 191670, "end" : 232650, "location" : { "x" : 15895, "y" : 1581} },
"event8" :{ "type" : "DISASTER", "event_range" : 527.33749379, "safe_range" : 1054.67498758, "max_range" : 1582.01248137, "intensity" : 4, "start" : 9401, "end" : 119530, "location" : { "x" : 12401, "y" : 5384} },
"event9" :{ "type" : "DISASTER", "event_range" : 452.413973763208, "safe_range" : 904.827947526416, "max_range" : 1357.24192128962, "intensity" : 2, "start" : 129150, "end" : 177870, "location" : { "x" : 11598, "y" : 19498} },
"event10" :{ "type" : "DISASTER", "event_range" : 1300.61762184397, "safe_range" : 2601.23524368794, "max_range" : 3901.85286553191, "intensity" : 5, "start" : 64700, "end" : 117350, "location" : { "x" : 8931, "y" : 1197} },
"event11" :{ "type" : "DISASTER", "event_range" : 217.969489048573, "safe_range" : 435.938978097145, "max_range" : 653.908467145718, "intensity" : 5, "start" : 4810, "end" : 42100, "location" : { "x" : 3263, "y" : 14423} },
"event12" :{ "type" : "DISASTER", "event_range" : 396.727012729782, "safe_range" : 793.454025459563, "max_range" : 1190.18103818934, "intensity" : 2, "start" : 34470, "end" : 93390, "location" : { "x" : 12009, "y" : 14632} },
"event13" :{ "type" : "DISASTER", "event_range" : 2183.36961523563, "safe_range" : 4366.73923047126, "max_range" : 6550.10884570689, "intensity" : 9, "start" : 170860, "end" : 214380, "location" : { "x" : 7617, "y" : 16792} },
"event14" :{ "type" : "DISASTER", "event_range" : 805.794561387066, "safe_range" : 1611.58912277413, "max_range" : 2417.3836841612, "intensity" : 3, "start" : 181010, "end" : 239710, "location" : { "x" : 11150, "y" : 193} },
"event15" :{ "type" : "DISASTER", "event_range" : 875.487014279275, "safe_range" : 1750.97402855855, "max_range" : 2626.46104283783, "intensity" : 10, "start" : 89920, "end" : 117300, "location" : { "x" : 1290, "y" : 19170} },
"event16" :{ "type" : "DISASTER", "event_range" : 783.511776171957, "safe_range" : 1567.02355234391, "max_range" : 2350.53532851587, "intensity" : 10, "start" : 54630, "end" : 76160, "location" : { "x" : 21593, "y" : 15388} },
"event17" :{ "type" : "DISASTER", "event_range" : 400.340249579084, "safe_range" : 800.680499158167, "max_range" : 1201.02074873725, "intensity" : 3, "start" : 37510, "end" : 81560, "location" : { "x" : 15735, "y" : 9658} },
"event18" :{ "type" : "DISASTER", "event_range" : 132.299954419001, "safe_range" : 264.599908838002, "max_range" : 396.899863257003, "intensity" : 7, "start" : 56860, "end" : 104970, "location" : { "x" : 7920, "y" : 12261} },
"event19" :{ "type" : "DISASTER", "event_range" : 1558.87272733274, "safe_range" : 3117.74545466548, "max_range" : 4676.61818199823, "intensity" : 6, "start" : 47460, "end" : 74010, "location" : { "x" : 14809, "y" : 18785} },
"event20" :{ "type" : "DISASTER", "event_range" : 114.757946146764, "safe_range" : 229.515892293529, "max_range" : 344.273838440293, "intensity" : 6, "start" : 161300, "end" : 185930, "location" : { "x" : 13520, "y" : 12912} }
}

